construct_stem,docs_matched,pct_of_corpus,sole_trigger_docs
psychological,372,15.8,73
attention,353,15.0,162
cognitive,316,13.4,66
stress,296,12.6,161
mental,231,9.8,30
perception,222,9.4,67
motivation,209,8.9,45
anxiety,152,6.4,12
decision-making,147,6.2,29
decision,141,6.0,37
cognition,141,6.0,54
decisions,131,5.6,31
confidence,123,5.2,34
emotional,113,4.8,10
expertise,112,4.7,44
perceptual,110,4.7,33
motivational,98,4.2,11
psychology,87,3.7,23
leadership,86,3.6,30
well-being,74,3.1,4
satisfaction,70,3.0,4
identity,63,2.7,17
self-efficacy,63,2.7,21
mood,62,2.6,13
attitudes,61,2.6,22
attentional,60,2.5,7
imagery,59,2.5,18
engagement,56,2.4,14
emotions,49,2.1,2
coping,43,1.8,1
personality,42,1.8,8
cohesion,41,1.7,14
attitude,31,1.3,5
depression,31,1.3,0
resilience,31,1.3,4
motor,28,1.2,16
emotion,27,1.1,0
motivated,27,1.1,4
stressful,24,1.0,2
mindfulness,23,1.0,2
stressors,21,0.9,1
psychologists,20,0.8,1
motivations,19,0.8,7
burnout,18,0.8,3
arousal,17,0.7,0
self-talk,17,0.7,3
choking,16,0.7,5
fear,16,0.7,1
psychologist,15,0.6,0
wellbeing,12,0.5,1
cognitions,12,0.5,5
stressed,9,0.4,0
resilient,8,0.3,1
psychologically,8,0.3,1
stresses,8,0.3,2
cognitively,7,0.3,1
depressive,6,0.3,0
stressor,6,0.3,0
self,6,0.3,0
motivating,6,0.3,0
motivate,5,0.2,2
emotionally,4,0.2,0
depressed,4,0.2,0
personalities,2,0.1,0
resiliency,2,0.1,0
motivates,2,0.1,0
anxieties,2,0.1,1
stressing,2,0.1,1
well,2,0.1,0
motivators,2,0.1,0
depressant,1,0.0,0
cognitif,1,0.0,1
psychologic,1,0.0,0
motivator,1,0.0,0
anxietybetween,1,0.0,0
anxietyof,1,0.0,0
resiliencia,1,0.0,0
psychologiczne,1,0.0,0
psychologicznego,1,0.0,0
emotionality,1,0.0,0
