topic,rank,term,probability
T1,1,activity,0.0351
T1,2,exercise,0.0323
T1,3,attention,0.0224
T1,4,system,0.0186
T1,5,movement,0.0184
T1,6,information,0.0164
T1,7,action,0.0162
T1,8,control,0.0152
T1,9,accuracy,0.0143
T1,10,decision,0.0133
T1,11,child,0.0132
T1,12,motor,0.0126
T1,13,skill,0.0124
T1,14,throw,0.0123
T1,15,function,0.0111
T1,16,strategy,0.0107
T1,17,researcher,0.0104
T1,18,ball,0.0101
T1,19,situation,0.0101
T1,20,speed,0.0099
T2,1,stress,0.0587
T2,2,body,0.031
T2,3,period,0.0285
T2,4,recovery,0.0238
T2,5,treatment,0.0216
T2,6,index,0.0209
T2,7,demand,0.0204
T2,8,status,0.019
T2,9,load,0.0183
T2,10,phase,0.017
T2,11,heart,0.0164
T2,12,protocol,0.0158
T2,13,parameter,0.0156
T2,14,quality,0.015
T2,15,effort,0.0146
T2,16,medium,0.0144
T2,17,fatigue,0.0132
T2,18,min,0.0115
T2,19,court,0.011
T2,20,frequency,0.0109
T3,1,training,0.0881
T3,2,practice,0.0474
T3,3,strength,0.0358
T3,4,control,0.0266
T3,5,session,0.0249
T3,6,fitness,0.0199
T3,7,point,0.0191
T3,8,power,0.019
T3,9,shot,0.0188
T3,10,referee,0.0179
T3,11,improvement,0.0168
T3,12,league,0.016
T3,13,percentage,0.0155
T3,14,confidence,0.0151
T3,15,college,0.0144
T3,16,agility,0.0135
T3,17,influence,0.0132
T3,18,knowledge,0.0131
T3,19,imagery,0.013
T3,20,predictor,0.0124
T4,1,injury,0.1271
T4,2,woman,0.0502
T4,3,risk,0.0442
T4,4,case,0.0214
T4,5,people,0.0179
T4,6,population,0.0177
T4,7,pain,0.0163
T4,8,event,0.0161
T4,9,evidence,0.0153
T4,10,hand,0.015
T4,11,wheelchair,0.0139
T4,12,management,0.0138
T4,13,member,0.0137
T4,14,structure,0.0136
T4,15,gender,0.0133
T4,16,mechanism,0.0127
T4,17,theory,0.0124
T4,18,head,0.0123
T4,19,feature,0.0122
T4,20,disability,0.0116
T5,1,anxiety,0.0771
T5,2,concussion,0.0743
T5,3,pressure,0.0373
T5,4,concentration,0.0364
T5,5,symptom,0.0358
T5,6,reaction,0.035
T5,7,muscle,0.0313
T5,8,review,0.0311
T5,9,trial,0.0239
T5,10,baseline,0.0207
T5,11,memory,0.0193
T5,12,leg,0.0185
T5,13,impact,0.0184
T5,14,capacity,0.0166
T5,15,orientation,0.0159
T5,16,size,0.0132
T5,17,peak,0.013
T5,18,depression,0.0109
T5,19,cortisol,0.0105
T5,20,fixation,0.0096
T6,1,coach,0.0721
T6,2,program,0.0339
T6,3,health,0.031
T6,4,development,0.0307
T6,5,experience,0.0285
T6,6,perception,0.0275
T6,7,skill,0.0228
T6,8,behavior,0.0207
T6,9,position,0.0205
T6,10,youth,0.0176
T6,11,evaluation,0.0166
T6,12,leadership,0.0165
T6,13,importance,0.0157
T6,14,environment,0.0126
T6,15,field,0.0126
T6,16,participation,0.0126
T6,17,efficacy,0.0124
T6,18,incidence,0.0123
T6,19,indicator,0.0122
T6,20,club,0.0117
T7,1,patient,0.0621
T7,2,goal,0.0446
T7,3,network,0.0342
T7,4,knee,0.0288
T7,5,cohesion,0.0246
T7,6,toughness,0.0245
T7,7,force,0.0243
T7,8,rehabilitation,0.0233
T7,9,bone,0.023
T7,10,strain,0.0222
T7,11,motion,0.0204
T7,12,algorithm,0.0198
T7,13,stability,0.0198
T7,14,ankle,0.0176
T7,15,dynamic,0.0167
T7,16,detection,0.0149
T7,17,joint,0.0144
T7,18,perception,0.0123
T7,19,stress_fracture,0.0117
T7,20,culture,0.0115
T8,1,student,0.092
T8,2,motivation,0.0628
T8,3,school,0.0526
T8,4,education,0.0398
T8,5,university,0.0292
T8,6,adolescent,0.0215
T8,7,activity,0.0201
T8,8,climate,0.0185
T8,9,competence,0.018
T8,10,self-efficacy,0.0155
T8,11,participation,0.0152
T8,12,course,0.0147
T8,13,shoe,0.0147
T8,14,science,0.0141
T8,15,support,0.0132
T8,16,style,0.013
T8,17,gender,0.013
T8,18,need,0.0129
T8,19,college,0.0128
T8,20,class,0.0119
